{
  "accuracy": 0.7653631284916201,
  "report": {
    "0": {
      "precision": 0.7837837837837838,
      "recall": 0.8285714285714286,
      "f1-score": 0.8055555555555555,
      "support": 105.0
    },
    "1": {
      "precision": 0.7352941176470589,
      "recall": 0.6756756756756757,
      "f1-score": 0.7042253521126761,
      "support": 74.0
    },
    "accuracy": 0.7653631284916201,
    "macro avg": {
      "precision": 0.7595389507154213,
      "recall": 0.7521235521235521,
      "f1-score": 0.7548904538341158,
      "support": 179.0
    },
    "weighted avg": {
      "precision": 0.7637377765540762,
      "recall": 0.7653631284916201,
      "f1-score": 0.7636648569255383,
      "support": 179.0
    }
  }
}